Run,Beta1,Overlap,Blocksize,Checkpoint,Mean,Median,Std
experimental_run_50,0.5,0,256,Annealing_in_blocks,28323.966747488743,28323.966747488743,
experimental_run_50,0.5,0,256,collapsing outliers,902.2878420505715,902.2878420505715,
experimental_run_50,0.5,0,256,eliminating insignificant (purge),127212.50640803602,127212.50640803602,
experimental_run_50,0.5,0,256,final time and size,377803.11603740905,377803.11603740905,
experimental_run_50,0.5,0,256,further cooling,65684.4897817804,65684.4897817804,
experimental_run_50,0.5,0,256,global Annealing,44923.60512642882,44923.60512642882,
experimental_run_50,0.5,0,256,some more cooling,8697.321440942154,8697.321440942154,
experimental_run_50,0.5,0,256,thermalizing_after_loops,4891.894007620367,4891.894007620367,
experimental_run_50,0.5,0,256,thermalizing_between_loops,31045.272601316246,31045.272601316246,
experimental_run_50,0.5,0,512,Annealing_in_blocks,42361.716392318245,42361.716392318245,
experimental_run_50,0.5,0,512,collapsing outliers,784.2448559670781,784.2448559670781,
experimental_run_50,0.5,0,512,eliminating insignificant (purge),122215.97496570645,122215.97496570645,
experimental_run_50,0.5,0,512,final time and size,380991.00068587105,380991.00068587105,
experimental_run_50,0.5,0,512,further cooling,68959.99005486969,68959.99005486969,
experimental_run_50,0.5,0,512,global Annealing,45978.712620027436,45978.712620027436,
experimental_run_50,0.5,0,512,some more cooling,8390.548010973936,8390.548010973936,
experimental_run_50,0.5,0,512,thermalizing_after_loops,4718.705761316873,4718.705761316873,
experimental_run_50,0.5,0,512,thermalizing_between_loops,23022.852880658436,23022.852880658436,
experimental_run_50,0.5,0,1024,Annealing_in_blocks,74336.71172693478,74336.71172693478,
experimental_run_50,0.5,0,1024,collapsing outliers,753.5086177762757,753.5086177762757,
experimental_run_50,0.5,0,1024,eliminating insignificant (purge),127139.82595471443,127139.82595471443,
experimental_run_50,0.5,0,1024,final time and size,433508.4650219669,433508.4650219669,
experimental_run_50,0.5,0,1024,further cooling,81668.0469753295,81668.0469753295,
experimental_run_50,0.5,0,1024,global Annealing,50300.525515376816,50300.525515376816,
experimental_run_50,0.5,0,1024,some more cooling,8865.85873605948,8865.85873605948,
experimental_run_50,0.5,0,1024,thermalizing_after_loops,4820.909766813113,4820.909766813113,
experimental_run_50,0.5,0,1024,thermalizing_between_loops,18748.749577559985,18748.749577559985,
experimental_run_50,0.5,0,2048,Annealing_in_blocks,123245.02782490669,123245.02782490669,
experimental_run_50,0.5,0,2048,collapsing outliers,679.2073294876145,679.2073294876145,
experimental_run_50,0.5,0,2048,eliminating insignificant (purge),118936.223956566,118936.223956566,
experimental_run_50,0.5,0,2048,final time and size,477306.18561248726,477306.18561248726,
experimental_run_50,0.5,0,2048,further cooling,90833.86528673227,90833.86528673227,
experimental_run_50,0.5,0,2048,global Annealing,49671.82728198168,49671.82728198168,
experimental_run_50,0.5,0,2048,some more cooling,8615.002375296912,8615.002375296912,
experimental_run_50,0.5,0,2048,thermalizing_after_loops,4286.926705123855,4286.926705123855,
experimental_run_50,0.5,0,2048,thermalizing_between_loops,15025.203936206311,15025.203936206311,
experimental_run_50,0.5,10,256,Annealing_in_blocks,29782.944596443227,29782.944596443227,
experimental_run_50,0.5,10,256,collapsing outliers,859.7722298221614,859.7722298221614,
experimental_run_50,0.5,10,256,eliminating insignificant (purge),122648.45383036936,122648.45383036936,
experimental_run_50,0.5,10,256,final time and size,370658.597127223,370658.597127223,
experimental_run_50,0.5,10,256,further cooling,59531.32352941176,59531.32352941176,
experimental_run_50,0.5,10,256,global Annealing,41009.15389876881,41009.15389876881,
experimental_run_50,0.5,10,256,some more cooling,8217.832421340629,8217.832421340629,
experimental_run_50,0.5,10,256,thermalizing_after_loops,4730.981532147743,4730.981532147743,
experimental_run_50,0.5,10,256,thermalizing_between_loops,42660.67168262654,42660.67168262654,
experimental_run_50,0.5,10,512,Annealing_in_blocks,48206.85187736824,48206.85187736824,
experimental_run_50,0.5,10,512,collapsing outliers,864.6024801929038,864.6024801929038,
experimental_run_50,0.5,10,512,eliminating insignificant (purge),134418.29555632104,134418.29555632104,
experimental_run_50,0.5,10,512,final time and size,409410.45056837756,409410.45056837756,
experimental_run_50,0.5,10,512,further cooling,67814.99138821909,67814.99138821909,
experimental_run_50,0.5,10,512,global Annealing,45896.56872201171,45896.56872201171,
experimental_run_50,0.5,10,512,some more cooling,8639.59145711333,8639.59145711333,
experimental_run_50,0.5,10,512,thermalizing_after_loops,4957.368928694454,4957.368928694454,
experimental_run_50,0.5,10,512,thermalizing_between_loops,32809.11436445057,32809.11436445057,
experimental_run_50,0.5,10,1024,Annealing_in_blocks,78117.22031039136,78117.22031039136,
experimental_run_50,0.5,10,1024,collapsing outliers,778.2473009446694,778.2473009446694,
experimental_run_50,0.5,10,1024,eliminating insignificant (purge),135417.69197031038,135417.69197031038,
experimental_run_50,0.5,10,1024,final time and size,433982.33569500677,433982.33569500677,
experimental_run_50,0.5,10,1024,further cooling,73360.95580296897,73360.95580296897,
experimental_run_50,0.5,10,1024,global Annealing,48018.31882591093,48018.31882591093,
experimental_run_50,0.5,10,1024,some more cooling,8313.18758434548,8313.18758434548,
experimental_run_50,0.5,10,1024,thermalizing_after_loops,4766.494601889339,4766.494601889339,
experimental_run_50,0.5,10,1024,thermalizing_between_loops,20763.509784075573,20763.509784075573,
experimental_run_50,0.5,10,2048,Annealing_in_blocks,140314.27170198222,140314.27170198222,
experimental_run_50,0.5,10,2048,collapsing outliers,751.4863294600136,751.4863294600136,
experimental_run_50,0.5,10,2048,eliminating insignificant (purge),137140.5871496924,137140.5871496924,
experimental_run_50,0.5,10,2048,final time and size,509521.47949419,509521.47949419,
experimental_run_50,0.5,10,2048,further cooling,84964.16951469584,84964.16951469584,
experimental_run_50,0.5,10,2048,global Annealing,50892.56596035543,50892.56596035543,
experimental_run_50,0.5,10,2048,some more cooling,8673.69104579631,8673.69104579631,
experimental_run_50,0.5,10,2048,thermalizing_after_loops,4718.842447026657,4718.842447026657,
experimental_run_50,0.5,10,2048,thermalizing_between_loops,15503.931647300069,15503.931647300069,
experimental_run_50,0.5,20,256,Annealing_in_blocks,36535.42658055745,36535.42658055745,
experimental_run_50,0.5,20,256,collapsing outliers,1017.5720598232494,1017.5720598232494,
experimental_run_50,0.5,20,256,eliminating insignificant (purge),156173.57341944255,156173.57341944255,
experimental_run_50,0.5,20,256,final time and size,444577.53636981646,444577.53636981646,
experimental_run_50,0.5,20,256,further cooling,64225.16077498301,64225.16077498301,
experimental_run_50,0.5,20,256,global Annealing,45415.648878314074,45415.648878314074,
experimental_run_50,0.5,20,256,some more cooling,8911.071380013596,8911.071380013596,
experimental_run_50,0.5,20,256,thermalizing_after_loops,5162.692386131883,5162.692386131883,
experimental_run_50,0.5,20,256,thermalizing_between_loops,59395.93983684568,59395.93983684568,
experimental_run_50,0.5,20,512,Annealing_in_blocks,50649.36276193748,50649.36276193748,
experimental_run_50,0.5,20,512,collapsing outliers,891.6736516660941,891.6736516660941,
experimental_run_50,0.5,20,512,eliminating insignificant (purge),160502.3156990725,160502.3156990725,
experimental_run_50,0.5,20,512,final time and size,427243.4675369289,427243.4675369289,
experimental_run_50,0.5,20,512,further cooling,63384.30264513913,63384.30264513913,
experimental_run_50,0.5,20,512,global Annealing,45322.85434558571,45322.85434558571,
experimental_run_50,0.5,20,512,some more cooling,8007.574373067674,8007.574373067674,
experimental_run_50,0.5,20,512,thermalizing_after_loops,4870.610786671247,4870.610786671247,
experimental_run_50,0.5,20,512,thermalizing_between_loops,33006.64685675026,33006.64685675026,
experimental_run_50,0.5,20,1024,Annealing_in_blocks,84982.03903095558,84982.03903095558,
experimental_run_50,0.5,20,1024,collapsing outliers,855.6100269179004,855.6100269179004,
experimental_run_50,0.5,20,1024,eliminating insignificant (purge),169393.93438761777,169393.93438761777,
experimental_run_50,0.5,20,1024,final time and size,472221.30888290715,472221.30888290715,
experimental_run_50,0.5,20,1024,further cooling,70878.64199192463,70878.64199192463,
experimental_run_50,0.5,20,1024,global Annealing,49875.52086137281,49875.52086137281,
experimental_run_50,0.5,20,1024,some more cooling,8147.912180349933,8147.912180349933,
experimental_run_50,0.5,20,1024,thermalizing_after_loops,5078.996298788695,5078.996298788695,
experimental_run_50,0.5,20,1024,thermalizing_between_loops,21859.55383580081,21859.55383580081,
experimental_run_50,0.5,20,2048,Annealing_in_blocks,147999.27521079258,147999.27521079258,
experimental_run_50,0.5,20,2048,collapsing outliers,868.6590219224283,868.6590219224283,
experimental_run_50,0.5,20,2048,eliminating insignificant (purge),160190.73625632378,160190.73625632378,
experimental_run_50,0.5,20,2048,final time and size,531659.7777403035,531659.7777403035,
experimental_run_50,0.5,20,2048,further cooling,79320.04350758853,79320.04350758853,
experimental_run_50,0.5,20,2048,global Annealing,51397.208094435075,51397.208094435075,
experimental_run_50,0.5,20,2048,some more cooling,8350.248566610455,8350.248566610455,
experimental_run_50,0.5,20,2048,thermalizing_after_loops,5234.878583473862,5234.878583473862,
experimental_run_50,0.5,20,2048,thermalizing_between_loops,16129.240809443507,16129.240809443507,
experimental_run_50,0.5,30,256,Annealing_in_blocks,38775.48310810811,38775.48310810811,
experimental_run_50,0.5,30,256,collapsing outliers,1040.8760135135135,1040.8760135135135,
experimental_run_50,0.5,30,256,eliminating insignificant (purge),191998.2766891892,191998.2766891892,
experimental_run_50,0.5,30,256,final time and size,480731.5962837838,480731.5962837838,
experimental_run_50,0.5,30,256,further cooling,61065.27804054054,61065.27804054054,
experimental_run_50,0.5,30,256,global Annealing,44630.68918918919,44630.68918918919,
experimental_run_50,0.5,30,256,some more cooling,8322.59358108108,8322.59358108108,
experimental_run_50,0.5,30,256,thermalizing_after_loops,5015.878716216216,5015.878716216216,
experimental_run_50,0.5,30,256,thermalizing_between_loops,66038.67837837838,66038.67837837838,
experimental_run_50,0.5,30,512,Annealing_in_blocks,61827.350912106136,61827.350912106136,
experimental_run_50,0.5,30,512,collapsing outliers,1095.4941956882255,1095.4941956882255,
experimental_run_50,0.5,30,512,eliminating insignificant (purge),232643.5728026534,232643.5728026534,
experimental_run_50,0.5,30,512,final time and size,537899.5927031509,537899.5927031509,
experimental_run_50,0.5,30,512,further cooling,68551.8288557214,68551.8288557214,
experimental_run_50,0.5,30,512,global Annealing,52108.603980099506,52108.603980099506,
experimental_run_50,0.5,30,512,some more cooling,8624.402653399668,8624.402653399668,
experimental_run_50,0.5,30,512,thermalizing_after_loops,5455.549253731343,5455.549253731343,
experimental_run_50,0.5,30,512,thermalizing_between_loops,40274.45373134328,40274.45373134328,
experimental_run_50,0.5,30,1024,Annealing_in_blocks,99252.68434839555,99252.68434839555,
experimental_run_50,0.5,30,1024,collapsing outliers,1094.1018336607729,1094.1018336607729,
experimental_run_50,0.5,30,1024,eliminating insignificant (purge),232932.22429600524,232932.22429600524,
experimental_run_50,0.5,30,1024,final time and size,570902.2151277014,570902.2151277014,
experimental_run_50,0.5,30,1024,further cooling,74729.38899803537,74729.38899803537,
experimental_run_50,0.5,30,1024,global Annealing,55361.48592010478,55361.48592010478,
experimental_run_50,0.5,30,1024,some more cooling,8601.475769482646,8601.475769482646,
experimental_run_50,0.5,30,1024,thermalizing_after_loops,6211.097904387689,6211.097904387689,
experimental_run_50,0.5,30,1024,thermalizing_between_loops,27778.351997380483,27778.351997380483,
experimental_run_50,0.5,30,2048,Annealing_in_blocks,176805.39715608465,176805.39715608465,
experimental_run_50,0.5,30,2048,collapsing outliers,1101.6094576719577,1101.6094576719577,
experimental_run_50,0.5,30,2048,eliminating insignificant (purge),227274.83035714287,227274.83035714287,
experimental_run_50,0.5,30,2048,final time and size,652621.4024470899,652621.4024470899,
experimental_run_50,0.5,30,2048,further cooling,83874.62367724867,83874.62367724867,
experimental_run_50,0.5,30,2048,global Annealing,60381.148148148146,60381.148148148146,
experimental_run_50,0.5,30,2048,some more cooling,9315.770833333334,9315.770833333334,
experimental_run_50,0.5,30,2048,thermalizing_after_loops,6824.978174603175,6824.978174603175,
experimental_run_50,0.5,30,2048,thermalizing_between_loops,19917.448743386245,19917.448743386245,
experimental_run_50,0.5,40,256,Annealing_in_blocks,45930.76839326955,45930.76839326955,
experimental_run_50,0.5,40,256,collapsing outliers,1184.8261299901023,1184.8261299901023,
experimental_run_50,0.5,40,256,eliminating insignificant (purge),277876.60376113496,277876.60376113496,
experimental_run_50,0.5,40,256,final time and size,600393.7829099307,600393.7829099307,
experimental_run_50,0.5,40,256,further cooling,65080.452655889145,65080.452655889145,
experimental_run_50,0.5,40,256,global Annealing,49040.04684922468,49040.04684922468,
experimental_run_50,0.5,40,256,some more cooling,8454.564500164963,8454.564500164963,
experimental_run_50,0.5,40,256,thermalizing_after_loops,5320.240844605741,5320.240844605741,
experimental_run_50,0.5,40,256,thermalizing_between_loops,80576.12966017817,80576.12966017817,
experimental_run_50,0.5,40,512,Annealing_in_blocks,70805.90212765957,70805.90212765957,
experimental_run_50,0.5,40,512,collapsing outliers,1329.7178396072013,1329.7178396072013,
experimental_run_50,0.5,40,512,eliminating insignificant (purge),322319.3718494272,322319.3718494272,
experimental_run_50,0.5,40,512,final time and size,656289.0893617021,656289.0893617021,
experimental_run_50,0.5,40,512,further cooling,71662.83535188215,71662.83535188215,
experimental_run_50,0.5,40,512,global Annealing,56094.709001636664,56094.709001636664,
experimental_run_50,0.5,40,512,some more cooling,8642.358101472995,8642.358101472995,
experimental_run_50,0.5,40,512,thermalizing_after_loops,6107.893617021276,6107.893617021276,
experimental_run_50,0.5,40,512,thermalizing_between_loops,50395.80360065467,50395.80360065467,
experimental_run_50,0.5,40,1024,Annealing_in_blocks,119862.50590551182,119862.50590551182,
experimental_run_50,0.5,40,1024,collapsing outliers,1406.4694881889764,1406.4694881889764,
experimental_run_50,0.5,40,1024,eliminating insignificant (purge),344057.75459317584,344057.75459317584,
experimental_run_50,0.5,40,1024,final time and size,738035.404855643,738035.404855643,
experimental_run_50,0.5,40,1024,further cooling,82638.23293963255,82638.23293963255,
experimental_run_50,0.5,40,1024,global Annealing,64013.49278215223,64013.49278215223,
experimental_run_50,0.5,40,1024,some more cooling,9490.05872703412,9490.05872703412,
experimental_run_50,0.5,40,1024,thermalizing_after_loops,7841.506889763779,7841.506889763779,
experimental_run_50,0.5,40,1024,thermalizing_between_loops,38340.726706036745,38340.726706036745,
experimental_run_50,0.5,40,2048,Annealing_in_blocks,205529.48965517242,205529.48965517242,
experimental_run_50,0.5,40,2048,collapsing outliers,1480.695566502463,1480.695566502463,
experimental_run_50,0.5,40,2048,eliminating insignificant (purge),335217.4489326765,335217.4489326765,
experimental_run_50,0.5,40,2048,final time and size,821897.5950738916,821897.5950738916,
experimental_run_50,0.5,40,2048,further cooling,91403.62824302135,91403.62824302135,
experimental_run_50,0.5,40,2048,global Annealing,70750.93431855501,70750.93431855501,
experimental_run_50,0.5,40,2048,some more cooling,10373.285057471265,10373.285057471265,
experimental_run_50,0.5,40,2048,thermalizing_after_loops,8974.101806239738,8974.101806239738,
experimental_run_50,0.5,40,2048,thermalizing_between_loops,26393.70049261084,26393.70049261084,
experimental_run_50,0.5,50,256,Annealing_in_blocks,56551.70104438642,56551.70104438642,
experimental_run_50,0.5,50,256,collapsing outliers,1492.130548302872,1492.130548302872,
experimental_run_50,0.5,50,256,eliminating insignificant (purge),435219.4046997389,435219.4046997389,
experimental_run_50,0.5,50,256,final time and size,817835.3665143603,817835.3665143603,
experimental_run_50,0.5,50,256,further cooling,74149.87140992167,74149.87140992167,
experimental_run_50,0.5,50,256,global Annealing,55583.33746736292,55583.33746736292,
experimental_run_50,0.5,50,256,some more cooling,8881.82049608355,8881.82049608355,
experimental_run_50,0.5,50,256,thermalizing_after_loops,6183.08681462141,6183.08681462141,
experimental_run_50,0.5,50,256,thermalizing_between_loops,106557.66808093995,106557.66808093995,
experimental_run_50,0.5,50,512,Annealing_in_blocks,85538.54586857515,85538.54586857515,
experimental_run_50,0.5,50,512,collapsing outliers,1666.7065712426806,1666.7065712426806,
experimental_run_50,0.5,50,512,eliminating insignificant (purge),499275.49186727393,499275.49186727393,
experimental_run_50,0.5,50,512,final time and size,897106.3939492517,897106.3939492517,
experimental_run_50,0.5,50,512,further cooling,84949.09596616786,84949.09596616786,
experimental_run_50,0.5,50,512,global Annealing,64863.87443070918,64863.87443070918,
experimental_run_50,0.5,50,512,some more cooling,9185.58783344177,9185.58783344177,
experimental_run_50,0.5,50,512,thermalizing_after_loops,8179.25992192583,8179.25992192583,
experimental_run_50,0.5,50,512,thermalizing_between_loops,71792.12264150943,71792.12264150943,
experimental_run_50,0.5,50,1024,Annealing_in_blocks,140860.37415185783,140860.37415185783,
experimental_run_50,0.5,50,1024,collapsing outliers,1885.3505654281098,1885.3505654281098,
experimental_run_50,0.5,50,1024,eliminating insignificant (purge),535785.8429725363,535785.8429725363,
experimental_run_50,0.5,50,1024,final time and size,1000372.1447495961,1000372.1447495961,
experimental_run_50,0.5,50,1024,further cooling,98087.25815831988,98087.25815831988,
experimental_run_50,0.5,50,1024,global Annealing,74952.91082390954,74952.91082390954,
experimental_run_50,0.5,50,1024,some more cooling,10360.557673667205,10360.557673667205,
experimental_run_50,0.5,50,1024,thermalizing_after_loops,10842.925686591276,10842.925686591276,
experimental_run_50,0.5,50,1024,thermalizing_between_loops,56319.410339256865,56319.410339256865,
experimental_run_50,0.5,50,2048,Annealing_in_blocks,232303.77612423163,232303.77612423163,
experimental_run_50,0.5,50,2048,collapsing outliers,1993.50274991912,1993.50274991912,
experimental_run_50,0.5,50,2048,eliminating insignificant (purge),533260.8628275639,533260.8628275639,
experimental_run_50,0.5,50,2048,final time and size,1091324.68812682,1091324.68812682,
experimental_run_50,0.5,50,2048,further cooling,105973.15043675186,105973.15043675186,
experimental_run_50,0.5,50,2048,global Annealing,83812.29699126496,83812.29699126496,
experimental_run_50,0.5,50,2048,some more cooling,11845.32481397606,11845.32481397606,
experimental_run_50,0.5,50,2048,thermalizing_after_loops,12439.302814623099,12439.302814623099,
experimental_run_50,0.5,50,2048,thermalizing_between_loops,38261.01585247493,38261.01585247493,
experimental_run_51,0.01,0,256,Annealing_in_blocks,27118.703281982587,27118.703281982587,
experimental_run_51,0.01,0,256,collapsing outliers,825.540187541862,825.540187541862,
experimental_run_51,0.01,0,256,eliminating insignificant (purge),120269.56630944407,120269.56630944407,
experimental_run_51,0.01,0,256,final time and size,359863.439383791,359863.439383791,
experimental_run_51,0.01,0,256,further cooling,62275.56095110516,62275.56095110516,
experimental_run_51,0.01,0,256,global Annealing,42822.96182183523,42822.96182183523,
experimental_run_51,0.01,0,256,some more cooling,8325.648359008706,8325.648359008706,
experimental_run_51,0.01,0,256,thermalizing_after_loops,4637.457468184863,4637.457468184863,
experimental_run_51,0.01,0,256,thermalizing_between_loops,29463.523777628936,29463.523777628936,
experimental_run_51,0.01,0,512,Annealing_in_blocks,40999.31227014377,40999.31227014377,
experimental_run_51,0.01,0,512,collapsing outliers,753.5419592109662,753.5419592109662,
experimental_run_51,0.01,0,512,eliminating insignificant (purge),118115.62153126045,118115.62153126045,
experimental_run_51,0.01,0,512,final time and size,370015.2567703109,370015.2567703109,
experimental_run_51,0.01,0,512,further cooling,66902.04613841524,66902.04613841524,
experimental_run_51,0.01,0,512,global Annealing,44226.61651621531,44226.61651621531,
experimental_run_51,0.01,0,512,some more cooling,8230.83985289201,8230.83985289201,
experimental_run_51,0.01,0,512,thermalizing_after_loops,4559.602139752591,4559.602139752591,
experimental_run_51,0.01,0,512,thermalizing_between_loops,22241.849214309594,22241.849214309594,
experimental_run_51,0.01,0,1024,Annealing_in_blocks,73075.16937354988,73075.16937354988,
experimental_run_51,0.01,0,1024,collapsing outliers,743.2011932383163,743.2011932383163,
experimental_run_51,0.01,0,1024,eliminating insignificant (purge),124216.6211468346,124216.6211468346,
experimental_run_51,0.01,0,1024,final time and size,427447.09048723895,427447.09048723895,
experimental_run_51,0.01,0,1024,further cooling,80042.69141531322,80042.69141531322,
experimental_run_51,0.01,0,1024,global Annealing,48979.41465031488,48979.41465031488,
experimental_run_51,0.01,0,1024,some more cooling,8697.75174013921,8697.75174013921,
experimental_run_51,0.01,0,1024,thermalizing_after_loops,4814.89592310242,4814.89592310242,
experimental_run_51,0.01,0,1024,thermalizing_between_loops,18496.509446470005,18496.509446470005,
experimental_run_51,0.01,0,2048,Annealing_in_blocks,118520.10107095046,118520.10107095046,
experimental_run_51,0.01,0,2048,collapsing outliers,649.623828647925,649.623828647925,
experimental_run_51,0.01,0,2048,eliminating insignificant (purge),114853.45883534137,114853.45883534137,
experimental_run_51,0.01,0,2048,final time and size,459591.1673360107,459591.1673360107,
experimental_run_51,0.01,0,2048,further cooling,88143.47054886211,88143.47054886211,
experimental_run_51,0.01,0,2048,global Annealing,48120.791164658636,48120.791164658636,
experimental_run_51,0.01,0,2048,some more cooling,8341.937751004016,8341.937751004016,
experimental_run_51,0.01,0,2048,thermalizing_after_loops,4144.9859437751,4144.9859437751,
experimental_run_51,0.01,0,2048,thermalizing_between_loops,14500.367804551539,14500.367804551539,
experimental_run_51,0.01,10,256,Annealing_in_blocks,31144.69871794872,31144.69871794872,
experimental_run_51,0.01,10,256,collapsing outliers,911.3549257759784,911.3549257759784,
experimental_run_51,0.01,10,256,eliminating insignificant (purge),129448.5350877193,129448.5350877193,
experimental_run_51,0.01,10,256,final time and size,389591.6646423752,389591.6646423752,
experimental_run_51,0.01,10,256,further cooling,62526.11707152497,62526.11707152497,
experimental_run_51,0.01,10,256,global Annealing,43150.87449392713,43150.87449392713,
experimental_run_51,0.01,10,256,some more cooling,8659.820175438597,8659.820175438597,
experimental_run_51,0.01,10,256,thermalizing_after_loops,4857.750674763833,4857.750674763833,
experimental_run_51,0.01,10,256,thermalizing_between_loops,44909.13596491228,44909.13596491228,
experimental_run_51,0.01,10,512,Annealing_in_blocks,47317.91459680163,47317.91459680163,
experimental_run_51,0.01,10,512,collapsing outliers,846.5552909152773,846.5552909152773,
experimental_run_51,0.01,10,512,eliminating insignificant (purge),131959.54576386526,131959.54576386526,
experimental_run_51,0.01,10,512,final time and size,401706.74991493707,401706.74991493707,
experimental_run_51,0.01,10,512,further cooling,66573.47431099013,66573.47431099013,
experimental_run_51,0.01,10,512,global Annealing,45122.843484178295,45122.843484178295,
experimental_run_51,0.01,10,512,some more cooling,8591.549166383124,8591.549166383124,
experimental_run_51,0.01,10,512,thermalizing_after_loops,4883.196325280708,4883.196325280708,
experimental_run_51,0.01,10,512,thermalizing_between_loops,32043.64579789044,32043.64579789044,
experimental_run_51,0.01,10,1024,Annealing_in_blocks,81523.90188434048,81523.90188434048,
experimental_run_51,0.01,10,1024,collapsing outliers,791.9691358024692,791.9691358024692,
experimental_run_51,0.01,10,1024,eliminating insignificant (purge),142780.1205328135,142780.1205328135,
experimental_run_51,0.01,10,1024,final time and size,454881.05620532815,454881.05620532815,
experimental_run_51,0.01,10,1024,further cooling,76863.52664067576,76863.52664067576,
experimental_run_51,0.01,10,1024,global Annealing,50008.243664717345,50008.243664717345,
experimental_run_51,0.01,10,1024,some more cooling,8830.765107212475,8830.765107212475,
experimental_run_51,0.01,10,1024,thermalizing_after_loops,4971.791098115659,4971.791098115659,
experimental_run_51,0.01,10,1024,thermalizing_between_loops,21905.508447043536,21905.508447043536,
experimental_run_51,0.01,10,2048,Annealing_in_blocks,137238.42716535434,137238.42716535434,
experimental_run_51,0.01,10,2048,collapsing outliers,741.757874015748,741.757874015748,
experimental_run_51,0.01,10,2048,eliminating insignificant (purge),133977.9468503937,133977.9468503937,
experimental_run_51,0.01,10,2048,final time and size,497287.281167979,497287.281167979,
experimental_run_51,0.01,10,2048,further cooling,83277.0403543307,83277.0403543307,
experimental_run_51,0.01,10,2048,global Annealing,49955.99737532809,49955.99737532809,
experimental_run_51,0.01,10,2048,some more cooling,8453.343503937007,8453.343503937007,
experimental_run_51,0.01,10,2048,thermalizing_after_loops,4593.23720472441,4593.23720472441,
experimental_run_51,0.01,10,2048,thermalizing_between_loops,14885.166010498688,14885.166010498688,
experimental_run_51,0.01,20,256,Annealing_in_blocks,34199.79788289779,34199.79788289779,
experimental_run_51,0.01,20,256,collapsing outliers,926.2808468408865,926.2808468408865,
experimental_run_51,0.01,20,256,eliminating insignificant (purge),145880.49421104862,145880.49421104862,
experimental_run_51,0.01,20,256,final time and size,415029.72080714523,415029.72080714523,
experimental_run_51,0.01,20,256,further cooling,59953.8339397949,59953.8339397949,
experimental_run_51,0.01,20,256,global Annealing,42261.01620906384,42261.01620906384,
experimental_run_51,0.01,20,256,some more cooling,8408.493549454184,8408.493549454184,
experimental_run_51,0.01,20,256,thermalizing_after_loops,4819.785643400595,4819.785643400595,
experimental_run_51,0.01,20,256,thermalizing_between_loops,55412.46840886537,55412.46840886537,
experimental_run_51,0.01,20,512,Annealing_in_blocks,52316.354396522904,52316.354396522904,
experimental_run_51,0.01,20,512,collapsing outliers,929.8244734202608,929.8244734202608,
experimental_run_51,0.01,20,512,eliminating insignificant (purge),166357.8475426279,166357.8475426279,
experimental_run_51,0.01,20,512,final time and size,443047.72584419925,443047.72584419925,
experimental_run_51,0.01,20,512,further cooling,65100.30090270813,65100.30090270813,
experimental_run_51,0.01,20,512,global Annealing,46876.07790036777,46876.07790036777,
experimental_run_51,0.01,20,512,some more cooling,8361.391842193247,8361.391842193247,
experimental_run_51,0.01,20,512,thermalizing_after_loops,4983.454028752925,4983.454028752925,
experimental_run_51,0.01,20,512,thermalizing_between_loops,34220.78569040455,34220.78569040455,
experimental_run_51,0.01,20,1024,Annealing_in_blocks,84747.81681386981,84747.81681386981,
experimental_run_51,0.01,20,1024,collapsing outliers,855.8639188747138,855.8639188747138,
experimental_run_51,0.01,20,1024,eliminating insignificant (purge),166422.57278377493,166422.57278377493,
experimental_run_51,0.01,20,1024,final time and size,468740.4739941119,468740.4739941119,
experimental_run_51,0.01,20,1024,further cooling,69470.91920183186,69470.91920183186,
experimental_run_51,0.01,20,1024,global Annealing,49108.23127248937,49108.23127248937,
experimental_run_51,0.01,20,1024,some more cooling,8111.730781812234,8111.730781812234,
experimental_run_51,0.01,20,1024,thermalizing_after_loops,5039.074255806346,5039.074255806346,
experimental_run_51,0.01,20,1024,thermalizing_between_loops,21461.65685312398,21461.65685312398,
experimental_run_51,0.01,20,2048,Annealing_in_blocks,153437.23778501627,153437.23778501627,
experimental_run_51,0.01,20,2048,collapsing outliers,848.6941368078176,848.6941368078176,
experimental_run_51,0.01,20,2048,eliminating insignificant (purge),166371.0296416938,166371.0296416938,
experimental_run_51,0.01,20,2048,final time and size,555026.4446254071,555026.4446254071,
experimental_run_51,0.01,20,2048,further cooling,82231.77459283387,82231.77459283387,
experimental_run_51,0.01,20,2048,global Annealing,53124.798371335506,53124.798371335506,
experimental_run_51,0.01,20,2048,some more cooling,8643.91986970684,8643.91986970684,
experimental_run_51,0.01,20,2048,thermalizing_after_loops,5366.328990228013,5366.328990228013,
experimental_run_51,0.01,20,2048,thermalizing_between_loops,16739.871335504886,16739.871335504886,
experimental_run_51,0.01,30,256,Annealing_in_blocks,41115.3981975968,41115.3981975968,
experimental_run_51,0.01,30,256,collapsing outliers,1085.004005340454,1085.004005340454,
experimental_run_51,0.01,30,256,eliminating insignificant (purge),202376.53070761016,202376.53070761016,
experimental_run_51,0.01,30,256,final time and size,508575.97863818426,508575.97863818426,
experimental_run_51,0.01,30,256,further cooling,63935.299399198935,63935.299399198935,
experimental_run_51,0.01,30,256,global Annealing,46939.6932576769,46939.6932576769,
experimental_run_51,0.01,30,256,some more cooling,8818.7303070761,8818.7303070761,
experimental_run_51,0.01,30,256,thermalizing_after_loops,5272.214953271028,5272.214953271028,
experimental_run_51,0.01,30,256,thermalizing_between_loops,68996.77036048064,68996.77036048064,
experimental_run_51,0.01,30,512,Annealing_in_blocks,58660.06949548948,58660.06949548948,
experimental_run_51,0.01,30,512,collapsing outliers,1007.4259939859672,1007.4259939859672,
experimental_run_51,0.01,30,512,eliminating insignificant (purge),218842.3267624457,218842.3267624457,
experimental_run_51,0.01,30,512,final time and size,509148.9214834614,509148.9214834614,
experimental_run_51,0.01,30,512,further cooling,64578.78917474106,64578.78917474106,
experimental_run_51,0.01,30,512,global Annealing,49356.90444370197,49356.90444370197,
experimental_run_51,0.01,30,512,some more cooling,8216.11827597728,8216.11827597728,
experimental_run_51,0.01,30,512,thermalizing_after_loops,5311.856665552957,5311.856665552957,
experimental_run_51,0.01,30,512,thermalizing_between_loops,37962.42532576011,37962.42532576011,
experimental_run_51,0.01,30,1024,Annealing_in_blocks,98062.77672849916,98062.77672849916,
experimental_run_51,0.01,30,1024,collapsing outliers,1032.1440134907252,1032.1440134907252,
experimental_run_51,0.01,30,1024,eliminating insignificant (purge),228694.9591905565,228694.9591905565,
experimental_run_51,0.01,30,1024,final time and size,563875.2819561551,563875.2819561551,
experimental_run_51,0.01,30,1024,further cooling,73082.31433389544,73082.31433389544,
experimental_run_51,0.01,30,1024,global Annealing,54468.844519392915,54468.844519392915,
experimental_run_51,0.01,30,1024,some more cooling,8504.889038785836,8504.889038785836,
experimental_run_51,0.01,30,1024,thermalizing_after_loops,6043.277234401349,6043.277234401349,
experimental_run_51,0.01,30,1024,thermalizing_between_loops,27098.14839797639,27098.14839797639,
experimental_run_51,0.01,30,2048,Annealing_in_blocks,167773.47070775484,167773.47070775484,
experimental_run_51,0.01,30,2048,collapsing outliers,1008.227903826617,1008.227903826617,
experimental_run_51,0.01,30,2048,eliminating insignificant (purge),213958.32644768033,213958.32644768033,
experimental_run_51,0.01,30,2048,final time and size,619728.2045377583,619728.2045377583,
experimental_run_51,0.01,30,2048,further cooling,79440.33931594988,79440.33931594988,
experimental_run_51,0.01,30,2048,global Annealing,56639.67355231968,56639.67355231968,
experimental_run_51,0.01,30,2048,some more cooling,8836.8211987809,8836.8211987809,
experimental_run_51,0.01,30,2048,thermalizing_after_loops,6336.220115137148,6336.220115137148,
experimental_run_51,0.01,30,2048,thermalizing_between_loops,18950.5980358957,18950.5980358957,
experimental_run_51,0.01,40,256,Annealing_in_blocks,43323.532187394674,43323.532187394674,
experimental_run_51,0.01,40,256,collapsing outliers,1125.8618132794068,1125.8618132794068,
experimental_run_51,0.01,40,256,eliminating insignificant (purge),262446.26794742164,262446.26794742164,
experimental_run_51,0.01,40,256,final time and size,569413.799123694,569413.799123694,
experimental_run_51,0.01,40,256,further cooling,61099.007751937985,61099.007751937985,
experimental_run_51,0.01,40,256,global Annealing,46032.575665655546,46032.575665655546,
experimental_run_51,0.01,40,256,some more cooling,7963.511290866195,7963.511290866195,
experimental_run_51,0.01,40,256,thermalizing_after_loops,4972.8230535894845,4972.8230535894845,
experimental_run_51,0.01,40,256,thermalizing_between_loops,75557.87462082913,75557.87462082913,
experimental_run_51,0.01,40,512,Annealing_in_blocks,68132.78115702479,68132.78115702479,
experimental_run_51,0.01,40,512,collapsing outliers,1253.6780165289256,1253.6780165289256,
experimental_run_51,0.01,40,512,eliminating insignificant (purge),311358.7596694215,311358.7596694215,
experimental_run_51,0.01,40,512,final time and size,634345.1963636364,634345.1963636364,
experimental_run_51,0.01,40,512,further cooling,68956.80396694216,68956.80396694216,
experimental_run_51,0.01,40,512,global Annealing,54157.345123966945,54157.345123966945,
experimental_run_51,0.01,40,512,some more cooling,8339.453553719008,8339.453553719008,
experimental_run_51,0.01,40,512,thermalizing_after_loops,5847.69520661157,5847.69520661157,
experimental_run_51,0.01,40,512,thermalizing_between_loops,48426.443636363634,48426.443636363634,
experimental_run_51,0.01,40,1024,Annealing_in_blocks,116016.51293809369,116016.51293809369,
experimental_run_51,0.01,40,1024,collapsing outliers,1365.2983950212906,1365.2983950212906,
experimental_run_51,0.01,40,1024,eliminating insignificant (purge),331210.00327546673,331210.00327546673,
experimental_run_51,0.01,40,1024,final time and size,713740.3347527023,713740.3347527023,
experimental_run_51,0.01,40,1024,further cooling,79334.6590239109,79334.6590239109,
experimental_run_51,0.01,40,1024,global Annealing,61552.136914510316,61552.136914510316,
experimental_run_51,0.01,40,1024,some more cooling,9135.419914837865,9135.419914837865,
experimental_run_51,0.01,40,1024,thermalizing_after_loops,7640.450049132001,7640.450049132001,
experimental_run_51,0.01,40,1024,thermalizing_between_loops,37199.18899443171,37199.18899443171,
experimental_run_51,0.01,40,2048,Annealing_in_blocks,187852.16907078162,187852.16907078162,
experimental_run_51,0.01,40,2048,collapsing outliers,1301.0063737001005,1301.0063737001005,
experimental_run_51,0.01,40,2048,eliminating insignificant (purge),305603.0895672593,305603.0895672593,
experimental_run_51,0.01,40,2048,final time and size,750745.1388795706,750745.1388795706,
experimental_run_51,0.01,40,2048,further cooling,83013.69641060047,83013.69641060047,
experimental_run_51,0.01,40,2048,global Annealing,64221.49043944985,64221.49043944985,
experimental_run_51,0.01,40,2048,some more cooling,9455.651123783966,9455.651123783966,
experimental_run_51,0.01,40,2048,thermalizing_after_loops,8066.063401543106,8066.063401543106,
experimental_run_51,0.01,40,2048,thermalizing_between_loops,24146.543777255953,24146.543777255953,
experimental_run_51,0.01,50,256,Annealing_in_blocks,48852.03385853168,48852.03385853168,
experimental_run_51,0.01,50,256,collapsing outliers,1212.5910157559504,1212.5910157559504,
experimental_run_51,0.01,50,256,eliminating insignificant (purge),368818.0543077439,368818.0543077439,
experimental_run_51,0.01,50,256,final time and size,697189.7857861214,697189.7857861214,
experimental_run_51,0.01,50,256,further cooling,63500.24974857526,63500.24974857526,
experimental_run_51,0.01,50,256,global Annealing,47480.44049614482,47480.44049614482,
experimental_run_51,0.01,50,256,some more cooling,7584.342272879651,7584.342272879651,
experimental_run_51,0.01,50,256,thermalizing_after_loops,5206.091183372444,5206.091183372444,
experimental_run_51,0.01,50,256,thermalizing_between_loops,89950.2360040228,89950.2360040228,
experimental_run_51,0.01,50,512,Annealing_in_blocks,78515.1229964017,78515.1229964017,
experimental_run_51,0.01,50,512,collapsing outliers,1441.987569512594,1441.987569512594,
experimental_run_51,0.01,50,512,eliminating insignificant (purge),448924.5835786719,448924.5835786719,
experimental_run_51,0.01,50,512,final time and size,812429.1475302584,812429.1475302584,
experimental_run_51,0.01,50,512,further cooling,77136.03238469087,77136.03238469087,
experimental_run_51,0.01,50,512,global Annealing,58804.43572129539,58804.43572129539,
experimental_run_51,0.01,50,512,some more cooling,8408.288518155054,8408.288518155054,
experimental_run_51,0.01,50,512,thermalizing_after_loops,7424.574092247301,7424.574092247301,
experimental_run_51,0.01,50,512,thermalizing_between_loops,64943.19921491658,64943.19921491658,
experimental_run_51,0.01,50,1024,Annealing_in_blocks,127728.5720945721,127728.5720945721,
experimental_run_51,0.01,50,1024,collapsing outliers,1656.2480852480853,1656.2480852480853,
experimental_run_51,0.01,50,1024,eliminating insignificant (purge),474769.50815850816,474769.50815850816,
experimental_run_51,0.01,50,1024,final time and size,893327.2787212788,893327.2787212788,
experimental_run_51,0.01,50,1024,further cooling,87400.17915417916,87400.17915417916,
experimental_run_51,0.01,50,1024,global Annealing,66789.99267399267,66789.99267399267,
experimental_run_51,0.01,50,1024,some more cooling,9317.28737928738,9317.28737928738,
experimental_run_51,0.01,50,1024,thermalizing_after_loops,9817.749250749252,9817.749250749252,
experimental_run_51,0.01,50,1024,thermalizing_between_loops,50400.31168831169,50400.31168831169,
experimental_run_51,0.01,50,2048,Annealing_in_blocks,234280.2340909091,234280.2340909091,
experimental_run_51,0.01,50,2048,collapsing outliers,1996.6883116883116,1996.6883116883116,
experimental_run_51,0.01,50,2048,eliminating insignificant (purge),539240.2866883117,539240.2866883117,
experimental_run_51,0.01,50,2048,final time and size,1104507.6525974027,1104507.6525974027,
experimental_run_51,0.01,50,2048,further cooling,106941.01915584416,106941.01915584416,
experimental_run_51,0.01,50,2048,global Annealing,84929.0935064935,84929.0935064935,
experimental_run_51,0.01,50,2048,some more cooling,11964.766233766233,11964.766233766233,
experimental_run_51,0.01,50,2048,thermalizing_after_loops,12518.716233766234,12518.716233766234,
experimental_run_51,0.01,50,2048,thermalizing_between_loops,39173.63084415584,39173.63084415584,
experimental_run_54,0.1,0,256,Annealing_in_blocks,24312.6161971831,24312.6161971831,
experimental_run_54,0.1,0,256,collapsing outliers,746.1413480885312,746.1413480885312,
experimental_run_54,0.1,0,256,eliminating insignificant (purge),108830.92806841046,108830.92806841046,
experimental_run_54,0.1,0,256,final time and size,323576.76861167,323576.76861167,
experimental_run_54,0.1,0,256,further cooling,55643.092052313885,55643.092052313885,
experimental_run_54,0.1,0,256,global Annealing,38741.087525150906,38741.087525150906,
experimental_run_54,0.1,0,256,some more cooling,7467.6468812877265,7467.6468812877265,
experimental_run_54,0.1,0,256,thermalizing_after_loops,4226.639336016096,4226.639336016096,
experimental_run_54,0.1,0,256,thermalizing_between_loops,26627.580985915494,26627.580985915494,
experimental_run_54,0.1,0,512,Annealing_in_blocks,36739.21545319465,36739.21545319465,
experimental_run_54,0.1,0,512,collapsing outliers,685.410104011887,685.410104011887,
experimental_run_54,0.1,0,512,eliminating insignificant (purge),105415.82218920258,105415.82218920258,
experimental_run_54,0.1,0,512,final time and size,327968.593363051,327968.593363051,
experimental_run_54,0.1,0,512,further cooling,58952.82862803368,58952.82862803368,
experimental_run_54,0.1,0,512,global Annealing,39514.65081723626,39514.65081723626,
experimental_run_54,0.1,0,512,some more cooling,7332.035661218425,7332.035661218425,
experimental_run_54,0.1,0,512,thermalizing_after_loops,4145.212481426449,4145.212481426449,
experimental_run_54,0.1,0,512,thermalizing_between_loops,19841.547795938583,19841.547795938583,
experimental_run_54,0.1,0,1024,Annealing_in_blocks,64494.534929164634,64494.534929164634,
experimental_run_54,0.1,0,1024,collapsing outliers,647.171958964338,647.171958964338,
experimental_run_54,0.1,0,1024,eliminating insignificant (purge),110089.07620908647,110089.07620908647,
experimental_run_54,0.1,0,1024,final time and size,376908.8080117245,376908.8080117245,
experimental_run_54,0.1,0,1024,further cooling,70811.19345383489,70811.19345383489,
experimental_run_54,0.1,0,1024,global Annealing,43507.82120175867,43507.82120175867,
experimental_run_54,0.1,0,1024,some more cooling,7723.176844162189,7723.176844162189,
experimental_run_54,0.1,0,1024,thermalizing_after_loops,4193.398632144602,4193.398632144602,
experimental_run_54,0.1,0,1024,thermalizing_between_loops,16410.440644846116,16410.440644846116,
experimental_run_54,0.1,0,2048,Annealing_in_blocks,109204.34010907289,109204.34010907289,
experimental_run_54,0.1,0,2048,collapsing outliers,604.5101636093208,604.5101636093208,
experimental_run_54,0.1,0,2048,eliminating insignificant (purge),105227.74070401587,105227.74070401587,
experimental_run_54,0.1,0,2048,final time and size,423259.8869608329,423259.8869608329,
experimental_run_54,0.1,0,2048,further cooling,80321.50669310857,80321.50669310857,
experimental_run_54,0.1,0,2048,global Annealing,44203.70104115022,44203.70104115022,
experimental_run_54,0.1,0,2048,some more cooling,7564.298958849777,7564.298958849777,
experimental_run_54,0.1,0,2048,thermalizing_after_loops,3740.6212196331185,3740.6212196331185,
experimental_run_54,0.1,0,2048,thermalizing_between_loops,13182.854238968766,13182.854238968766,
experimental_run_54,0.1,10,256,Annealing_in_blocks,28153.925777331995,28153.925777331995,
experimental_run_54,0.1,10,256,collapsing outliers,817.8881644934804,817.8881644934804,
experimental_run_54,0.1,10,256,eliminating insignificant (purge),116910.38214643931,116910.38214643931,
experimental_run_54,0.1,10,256,final time and size,352898.3470411234,352898.3470411234,
experimental_run_54,0.1,10,256,further cooling,56182.37713139418,56182.37713139418,
experimental_run_54,0.1,10,256,global Annealing,38711.809428284854,38711.809428284854,
experimental_run_54,0.1,10,256,some more cooling,7765.125376128385,7765.125376128385,
experimental_run_54,0.1,10,256,thermalizing_after_loops,4374.205616850551,4374.205616850551,
experimental_run_54,0.1,10,256,thermalizing_between_loops,40197.349548645936,40197.349548645936,
experimental_run_54,0.1,10,512,Annealing_in_blocks,45368.939379004434,45368.939379004434,
experimental_run_54,0.1,10,512,collapsing outliers,822.3987185805815,822.3987185805815,
experimental_run_54,0.1,10,512,eliminating insignificant (purge),127377.48151798916,127377.48151798916,
experimental_run_54,0.1,10,512,final time and size,387043.6515524889,387043.6515524889,
experimental_run_54,0.1,10,512,further cooling,63519.94874322326,63519.94874322326,
experimental_run_54,0.1,10,512,global Annealing,43176.71315919172,43176.71315919172,
experimental_run_54,0.1,10,512,some more cooling,8294.427304090685,8294.427304090685,
experimental_run_54,0.1,10,512,thermalizing_after_loops,4770.536717594874,4770.536717594874,
experimental_run_54,0.1,10,512,thermalizing_between_loops,30524.497289305076,30524.497289305076,
experimental_run_54,0.1,10,1024,Annealing_in_blocks,75328.77845719662,75328.77845719662,
experimental_run_54,0.1,10,1024,collapsing outliers,726.2436500470367,726.2436500470367,
experimental_run_54,0.1,10,1024,eliminating insignificant (purge),130324.0545625588,130324.0545625588,
experimental_run_54,0.1,10,1024,final time and size,417410.77281279396,417410.77281279396,
experimental_run_54,0.1,10,1024,further cooling,70518.35606773284,70518.35606773284,
experimental_run_54,0.1,10,1024,global Annealing,45894.536218250236,45894.536218250236,
experimental_run_54,0.1,10,1024,some more cooling,8072.626058325493,8072.626058325493,
experimental_run_54,0.1,10,1024,thermalizing_after_loops,4635.21495766698,4635.21495766698,
experimental_run_54,0.1,10,1024,thermalizing_between_loops,20119.57008466604,20119.57008466604,
experimental_run_54,0.1,10,2048,Annealing_in_blocks,129764.8566878981,129764.8566878981,
experimental_run_54,0.1,10,2048,collapsing outliers,695.8166515013648,695.8166515013648,
experimental_run_54,0.1,10,2048,eliminating insignificant (purge),126041.68971792539,126041.68971792539,
experimental_run_54,0.1,10,2048,final time and size,469436.17697907187,469436.17697907187,
experimental_run_54,0.1,10,2048,further cooling,78159.5559599636,78159.5559599636,
experimental_run_54,0.1,10,2048,global Annealing,47118.43630573248,47118.43630573248,
experimental_run_54,0.1,10,2048,some more cooling,7937.95313921747,7937.95313921747,
experimental_run_54,0.1,10,2048,thermalizing_after_loops,4313.347588717015,4313.347588717015,
experimental_run_54,0.1,10,2048,thermalizing_between_loops,14099.161055505005,14099.161055505005,
experimental_run_54,0.1,20,256,Annealing_in_blocks,32396.03846153846,32396.03846153846,
experimental_run_54,0.1,20,256,collapsing outliers,911.3170731707318,911.3170731707318,
experimental_run_54,0.1,20,256,eliminating insignificant (purge),140100.36679174483,140100.36679174483,
experimental_run_54,0.1,20,256,final time and size,396200.8663227017,396200.8663227017,
experimental_run_54,0.1,20,256,further cooling,56982.776735459665,56982.776735459665,
experimental_run_54,0.1,20,256,global Annealing,40599.103189493435,40599.103189493435,
experimental_run_54,0.1,20,256,some more cooling,8001.736866791744,8001.736866791744,
experimental_run_54,0.1,20,256,thermalizing_after_loops,4698.627110694184,4698.627110694184,
experimental_run_54,0.1,20,256,thermalizing_between_loops,52940.56801125703,52940.56801125703,
experimental_run_54,0.1,20,512,Annealing_in_blocks,49720.00234521576,49720.00234521576,
experimental_run_54,0.1,20,512,collapsing outliers,878.8264540337711,878.8264540337711,
experimental_run_54,0.1,20,512,eliminating insignificant (purge),159047.55206378986,159047.55206378986,
experimental_run_54,0.1,20,512,final time and size,422074.1946529081,422074.1946529081,
experimental_run_54,0.1,20,512,further cooling,62024.04268292683,62024.04268292683,
experimental_run_54,0.1,20,512,global Annealing,44446.68433395872,44446.68433395872,
experimental_run_54,0.1,20,512,some more cooling,7822.968574108818,7822.968574108818,
experimental_run_54,0.1,20,512,thermalizing_after_loops,4750.233583489681,4750.233583489681,
experimental_run_54,0.1,20,512,thermalizing_between_loops,32349.86210131332,32349.86210131332,
experimental_run_54,0.1,20,1024,Annealing_in_blocks,85508.52255639098,85508.52255639098,
experimental_run_54,0.1,20,1024,collapsing outliers,882.2561090225564,882.2561090225564,
experimental_run_54,0.1,20,1024,eliminating insignificant (purge),171054.43468045112,171054.43468045112,
experimental_run_54,0.1,20,1024,final time and size,475106.72744360904,475106.72744360904,
experimental_run_54,0.1,20,1024,further cooling,71334.5159774436,71334.5159774436,
experimental_run_54,0.1,20,1024,global Annealing,49471.41917293233,49471.41917293233,
experimental_run_54,0.1,20,1024,some more cooling,8119.74530075188,8119.74530075188,
experimental_run_54,0.1,20,1024,thermalizing_after_loops,5157.950657894737,5157.950657894737,
experimental_run_54,0.1,20,1024,thermalizing_between_loops,21963.375,21963.375,
experimental_run_54,0.1,20,2048,Annealing_in_blocks,133981.77891791044,133981.77891791044,
experimental_run_54,0.1,20,2048,collapsing outliers,744.8367537313433,744.8367537313433,
experimental_run_54,0.1,20,2048,eliminating insignificant (purge),144145.47574626867,144145.47574626867,
experimental_run_54,0.1,20,2048,final time and size,481191.97714552237,481191.97714552237,
experimental_run_54,0.1,20,2048,further cooling,71265.31902985074,71265.31902985074,
experimental_run_54,0.1,20,2048,global Annealing,46538.68143656717,46538.68143656717,
experimental_run_54,0.1,20,2048,some more cooling,7486.461753731343,7486.461753731343,
experimental_run_54,0.1,20,2048,thermalizing_after_loops,4666.555037313433,4666.555037313433,
experimental_run_54,0.1,20,2048,thermalizing_between_loops,14388.615205223881,14388.615205223881,
experimental_run_54,0.1,30,256,Annealing_in_blocks,36165.31882022472,36165.31882022472,
experimental_run_54,0.1,30,256,collapsing outliers,975.5308988764045,975.5308988764045,
experimental_run_54,0.1,30,256,eliminating insignificant (purge),176476.91853932585,176476.91853932585,
experimental_run_54,0.1,30,256,final time and size,443953.3899812734,443953.3899812734,
experimental_run_54,0.1,30,256,further cooling,55724.78838951311,55724.78838951311,
experimental_run_54,0.1,30,256,global Annealing,40947.011235955055,40947.011235955055,
experimental_run_54,0.1,30,256,some more cooling,7781.811329588015,7781.811329588015,
experimental_run_54,0.1,30,256,thermalizing_after_loops,4584.037921348315,4584.037921348315,
experimental_run_54,0.1,30,256,thermalizing_between_loops,60450.598314606745,60450.598314606745,
experimental_run_54,0.1,30,512,Annealing_in_blocks,54001.24916467781,54001.24916467781,
experimental_run_54,0.1,30,512,collapsing outliers,936.7412887828162,936.7412887828162,
experimental_run_54,0.1,30,512,eliminating insignificant (purge),200853.3107398568,200853.3107398568,
experimental_run_54,0.1,30,512,final time and size,466277.2496420048,466277.2496420048,
experimental_run_54,0.1,30,512,further cooling,59714.239140811456,59714.239140811456,
experimental_run_54,0.1,30,512,global Annealing,45389.891169451075,45389.891169451075,
experimental_run_54,0.1,30,512,some more cooling,7472.438663484487,7472.438663484487,
experimental_run_54,0.1,30,512,thermalizing_after_loops,4755.126014319809,4755.126014319809,
experimental_run_54,0.1,30,512,thermalizing_between_loops,34766.79045346062,34766.79045346062,
experimental_run_54,0.1,30,1024,Annealing_in_blocks,85682.75140977444,85682.75140977444,
experimental_run_54,0.1,30,1024,collapsing outliers,920.5136278195489,920.5136278195489,
experimental_run_54,0.1,30,1024,eliminating insignificant (purge),197184.34586466165,197184.34586466165,
experimental_run_54,0.1,30,1024,final time and size,486667.1715225564,486667.1715225564,
experimental_run_54,0.1,30,1024,further cooling,63179.16823308271,63179.16823308271,
experimental_run_54,0.1,30,1024,global Annealing,47211.2890037594,47211.2890037594,
experimental_run_54,0.1,30,1024,some more cooling,7296.285244360903,7296.285244360903,
experimental_run_54,0.1,30,1024,thermalizing_after_loops,5242.921052631579,5242.921052631579,
experimental_run_54,0.1,30,1024,thermalizing_between_loops,23178.042293233084,23178.042293233084,
experimental_run_54,0.1,30,2048,Annealing_in_blocks,152716.57907085874,152716.57907085874,
experimental_run_54,0.1,30,2048,collapsing outliers,919.752698263726,919.752698263726,
experimental_run_54,0.1,30,2048,eliminating insignificant (purge),192570.46081651805,192570.46081651805,
experimental_run_54,0.1,30,2048,final time and size,558527.3622712342,558527.3622712342,
experimental_run_54,0.1,30,2048,further cooling,71003.21163772876,71003.21163772876,
experimental_run_54,0.1,30,2048,global Annealing,51320.15344908494,51320.15344908494,
experimental_run_54,0.1,30,2048,some more cooling,7940.982637259503,7940.982637259503,
experimental_run_54,0.1,30,2048,thermalizing_after_loops,5889.340685124354,5889.340685124354,
experimental_run_54,0.1,30,2048,thermalizing_between_loops,17044.54809948381,17044.54809948381,
experimental_run_54,0.1,40,256,Annealing_in_blocks,40685.95923149016,40685.95923149016,
experimental_run_54,0.1,40,256,collapsing outliers,1057.6447985004686,1057.6447985004686,
experimental_run_54,0.1,40,256,eliminating insignificant (purge),243087.0304592315,243087.0304592315,
experimental_run_54,0.1,40,256,final time and size,526515.5473289597,526515.5473289597,
experimental_run_54,0.1,40,256,further cooling,57149.73945641987,57149.73945641987,
experimental_run_54,0.1,40,256,global Annealing,43053.19165885661,43053.19165885661,
experimental_run_54,0.1,40,256,some more cooling,7430.889409559512,7430.889409559512,
experimental_run_54,0.1,40,256,thermalizing_after_loops,4674.4292408622305,4674.4292408622305,
experimental_run_54,0.1,40,256,thermalizing_between_loops,70102.86551077788,70102.86551077788,
experimental_run_54,0.1,40,512,Annealing_in_blocks,63357.831460674155,63357.831460674155,
experimental_run_54,0.1,40,512,collapsing outliers,1157.5098314606741,1157.5098314606741,
experimental_run_54,0.1,40,512,eliminating insignificant (purge),286757.0791198502,286757.0791198502,
experimental_run_54,0.1,40,512,final time and size,584709.7359550562,584709.7359550562,
experimental_run_54,0.1,40,512,further cooling,63150.05430711611,63150.05430711611,
experimental_run_54,0.1,40,512,global Annealing,49824.16104868914,49824.16104868914,
experimental_run_54,0.1,40,512,some more cooling,7652.03511235955,7652.03511235955,
experimental_run_54,0.1,40,512,thermalizing_after_loops,5433.121254681648,5433.121254681648,
experimental_run_54,0.1,40,512,thermalizing_between_loops,44695.84550561798,44695.84550561798,
experimental_run_54,0.1,40,1024,Annealing_in_blocks,101909.01710213776,101909.01710213776,
experimental_run_54,0.1,40,1024,collapsing outliers,1187.2717339667458,1187.2717339667458,
experimental_run_54,0.1,40,1024,eliminating insignificant (purge),293622.4137767221,293622.4137767221,
experimental_run_54,0.1,40,1024,final time and size,628690.0508313539,628690.0508313539,
experimental_run_54,0.1,40,1024,further cooling,70406.98669833729,70406.98669833729,
experimental_run_54,0.1,40,1024,global Annealing,54359.94631828979,54359.94631828979,
experimental_run_54,0.1,40,1024,some more cooling,8028.333016627078,8028.333016627078,
experimental_run_54,0.1,40,1024,thermalizing_after_loops,6676.823752969121,6676.823752969121,
experimental_run_54,0.1,40,1024,thermalizing_between_loops,32939.287885985745,32939.287885985745,
experimental_run_54,0.1,40,2048,Annealing_in_blocks,187534.365942029,187534.365942029,
experimental_run_54,0.1,40,2048,collapsing outliers,1361.3817934782608,1361.3817934782608,
experimental_run_54,0.1,40,2048,eliminating insignificant (purge),308209.38360507245,308209.38360507245,
experimental_run_54,0.1,40,2048,final time and size,750389.6653079711,750389.6653079711,
experimental_run_54,0.1,40,2048,further cooling,82762.38632246378,82762.38632246378,
experimental_run_54,0.1,40,2048,global Annealing,64332.606431159424,64332.606431159424,
experimental_run_54,0.1,40,2048,some more cooling,9515.176630434782,9515.176630434782,
experimental_run_54,0.1,40,2048,thermalizing_after_loops,8092.919836956522,8092.919836956522,
experimental_run_54,0.1,40,2048,thermalizing_between_loops,24315.860054347828,24315.860054347828,
experimental_run_54,0.1,50,256,Annealing_in_blocks,47875.66744950681,47875.66744950681,
experimental_run_54,0.1,50,256,collapsing outliers,1237.7087834664162,1237.7087834664162,
experimental_run_54,0.1,50,256,eliminating insignificant (purge),368860.12916862377,368860.12916862377,
experimental_run_54,0.1,50,256,final time and size,691186.57585721,691186.57585721,
experimental_run_54,0.1,50,256,further cooling,62806.261625176136,62806.261625176136,
experimental_run_54,0.1,50,256,global Annealing,47005.09534992954,47005.09534992954,
experimental_run_54,0.1,50,256,some more cooling,7568.043212775951,7568.043212775951,
experimental_run_54,0.1,50,256,thermalizing_after_loops,5134.20103334899,5134.20103334899,
experimental_run_54,0.1,50,256,thermalizing_between_loops,89789.96383278535,89789.96383278535,
experimental_run_54,0.1,50,512,Annealing_in_blocks,69551.39160516605,69551.39160516605,
experimental_run_54,0.1,50,512,collapsing outliers,1323.7333948339483,1323.7333948339483,
experimental_run_54,0.1,50,512,eliminating insignificant (purge),405029.3999077491,405029.3999077491,
experimental_run_54,0.1,50,512,final time and size,727330.3888376384,727330.3888376384,
experimental_run_54,0.1,50,512,further cooling,69039.50876383764,69039.50876383764,
experimental_run_54,0.1,50,512,global Annealing,52716.0479704797,52716.0479704797,
experimental_run_54,0.1,50,512,some more cooling,7479.098708487085,7479.098708487085,
experimental_run_54,0.1,50,512,thermalizing_after_loops,6691.043819188192,6691.043819188192,
experimental_run_54,0.1,50,512,thermalizing_between_loops,58288.9008302583,58288.9008302583,
experimental_run_54,0.1,50,1024,Annealing_in_blocks,117707.13919413919,117707.13919413919,
experimental_run_54,0.1,50,1024,collapsing outliers,1576.521978021978,1576.521978021978,
experimental_run_54,0.1,50,1024,eliminating insignificant (purge),446672.05631868134,446672.05631868134,
experimental_run_54,0.1,50,1024,final time and size,835048.1707875457,835048.1707875457,
experimental_run_54,0.1,50,1024,further cooling,81660.83928571429,81660.83928571429,
experimental_run_54,0.1,50,1024,global Annealing,62315.505494505494,62315.505494505494,
experimental_run_54,0.1,50,1024,some more cooling,8644.295329670329,8644.295329670329,
experimental_run_54,0.1,50,1024,thermalizing_after_loops,8831.165293040292,8831.165293040292,
experimental_run_54,0.1,50,1024,thermalizing_between_loops,47183.20695970696,47183.20695970696,
experimental_run_54,0.1,50,2048,Annealing_in_blocks,194819.248269497,194819.248269497,
experimental_run_54,0.1,50,2048,collapsing outliers,1661.9764651592063,1661.9764651592063,
experimental_run_54,0.1,50,2048,eliminating insignificant (purge),447412.1130595293,447412.1130595293,
experimental_run_54,0.1,50,2048,final time and size,915660.7018920166,915660.7018920166,
experimental_run_54,0.1,50,2048,further cooling,88324.4730041532,88324.4730041532,
experimental_run_54,0.1,50,2048,global Annealing,70006.54314720813,70006.54314720813,
experimental_run_54,0.1,50,2048,some more cooling,9886.458698661745,9886.458698661745,
experimental_run_54,0.1,50,2048,thermalizing_after_loops,10319.545454545454,10319.545454545454,
experimental_run_54,0.1,50,2048,thermalizing_between_loops,32128.422704199354,32128.422704199354,
experimental_run_55,0.001,0,256,Annealing_in_blocks,28522.233697451175,28522.233697451175,
experimental_run_55,0.001,0,256,collapsing outliers,869.1820589208871,869.1820589208871,
experimental_run_55,0.001,0,256,eliminating insignificant (purge),126492.44389275074,126492.44389275074,
experimental_run_55,0.001,0,256,final time and size,378282.94240317773,378282.94240317773,
experimental_run_55,0.001,0,256,further cooling,64854.67030784508,64854.67030784508,
experimental_run_55,0.001,0,256,global Annealing,44512.29857663025,44512.29857663025,
experimental_run_55,0.001,0,256,some more cooling,8677.437272426348,8677.437272426348,
experimental_run_55,0.001,0,256,thermalizing_after_loops,4909.249255213505,4909.249255213505,
experimental_run_55,0.001,0,256,thermalizing_between_loops,30792.85203574975,30792.85203574975,
experimental_run_55,0.001,0,512,Annealing_in_blocks,44683.78620240807,44683.78620240807,
experimental_run_55,0.001,0,512,collapsing outliers,824.7917344614383,824.7917344614383,
experimental_run_55,0.001,0,512,eliminating insignificant (purge),128060.52391799544,128060.52391799544,
experimental_run_55,0.001,0,512,final time and size,398908.6335828181,398908.6335828181,
experimental_run_55,0.001,0,512,further cooling,71959.73706475756,71959.73706475756,
experimental_run_55,0.001,0,512,global Annealing,47908.26456231695,47908.26456231695,
experimental_run_55,0.001,0,512,some more cooling,8822.168239505369,8822.168239505369,
experimental_run_55,0.001,0,512,thermalizing_after_loops,4966.536934591604,4966.536934591604,
experimental_run_55,0.001,0,512,thermalizing_between_loops,24246.31955743573,24246.31955743573,
experimental_run_55,0.001,0,1024,Annealing_in_blocks,73100.60306089222,73100.60306089222,
experimental_run_55,0.001,0,1024,collapsing outliers,729.2732009117551,729.2732009117551,
experimental_run_55,0.001,0,1024,eliminating insignificant (purge),124499.14783458157,124499.14783458157,
experimental_run_55,0.001,0,1024,final time and size,428060.12894822535,428060.12894822535,
experimental_run_55,0.001,0,1024,further cooling,79807.53044610877,79807.53044610877,
experimental_run_55,0.001,0,1024,global Annealing,49127.8003907522,49127.8003907522,
experimental_run_55,0.001,0,1024,some more cooling,8650.64702051449,8650.64702051449,
experimental_run_55,0.001,0,1024,thermalizing_after_loops,4734.423640507978,4734.423640507978,
experimental_run_55,0.001,0,1024,thermalizing_between_loops,18631.533702377077,18631.533702377077,
experimental_run_55,0.001,0,2048,Annealing_in_blocks,120739.30500807754,120739.30500807754,
experimental_run_55,0.001,0,2048,collapsing outliers,656.7967689822294,656.7967689822294,
experimental_run_55,0.001,0,2048,eliminating insignificant (purge),115004.97189014539,115004.97189014539,
experimental_run_55,0.001,0,2048,final time and size,467864.3689822294,467864.3689822294,
experimental_run_55,0.001,0,2048,further cooling,88300.83877221325,88300.83877221325,
experimental_run_55,0.001,0,2048,global Annealing,48485.45589660743,48485.45589660743,
experimental_run_55,0.001,0,2048,some more cooling,8349.303069466881,8349.303069466881,
experimental_run_55,0.001,0,2048,thermalizing_after_loops,4131.435864297254,4131.435864297254,
experimental_run_55,0.001,0,2048,thermalizing_between_loops,14493.733441033926,14493.733441033926,
experimental_run_55,0.001,10,256,Annealing_in_blocks,31760.87397440105,31760.87397440105,
experimental_run_55,0.001,10,256,collapsing outliers,921.9822776501477,921.9822776501477,
experimental_run_55,0.001,10,256,eliminating insignificant (purge),130308.46832950444,130308.46832950444,
experimental_run_55,0.001,10,256,final time and size,395888.5802428618,395888.5802428618,
experimental_run_55,0.001,10,256,further cooling,62745.739087627175,62745.739087627175,
experimental_run_55,0.001,10,256,global Annealing,43350.82212011815,43350.82212011815,
experimental_run_55,0.001,10,256,some more cooling,8664.633081719725,8664.633081719725,
experimental_run_55,0.001,10,256,thermalizing_after_loops,4896.189038398425,4896.189038398425,
experimental_run_55,0.001,10,256,thermalizing_between_loops,45336.02920905809,45336.02920905809,
experimental_run_55,0.001,10,512,Annealing_in_blocks,49630.946156341226,49630.946156341226,
experimental_run_55,0.001,10,512,collapsing outliers,881.0911449886474,881.0911449886474,
experimental_run_55,0.001,10,512,eliminating insignificant (purge),137022.01135257864,137022.01135257864,
experimental_run_55,0.001,10,512,final time and size,420291.1089847551,420291.1089847551,
experimental_run_55,0.001,10,512,further cooling,69392.89620499514,69392.89620499514,
experimental_run_55,0.001,10,512,global Annealing,46850.13785274084,46850.13785274084,
experimental_run_55,0.001,10,512,some more cooling,8855.656179046384,8855.656179046384,
experimental_run_55,0.001,10,512,thermalizing_after_loops,5122.751216347713,5122.751216347713,
experimental_run_55,0.001,10,512,thermalizing_between_loops,33376.498216023356,33376.498216023356,
experimental_run_55,0.001,10,1024,Annealing_in_blocks,79868.37134406835,79868.37134406835,
experimental_run_55,0.001,10,1024,collapsing outliers,760.9589221163326,760.9589221163326,
experimental_run_55,0.001,10,1024,eliminating insignificant (purge),138820.05093657575,138820.05093657575,
experimental_run_55,0.001,10,1024,final time and size,447305.32500821556,447305.32500821556,
experimental_run_55,0.001,10,1024,further cooling,75312.41209332895,75312.41209332895,
experimental_run_55,0.001,10,1024,global Annealing,48946.195530726254,48946.195530726254,
experimental_run_55,0.001,10,1024,some more cooling,8510.912586263556,8510.912586263556,
experimental_run_55,0.001,10,1024,thermalizing_after_loops,4898.898455471574,4898.898455471574,
experimental_run_55,0.001,10,1024,thermalizing_between_loops,21459.241209332897,21459.241209332897,
experimental_run_55,0.001,10,2048,Annealing_in_blocks,137700.63335539377,137700.63335539377,
experimental_run_55,0.001,10,2048,collapsing outliers,725.2703507610854,725.2703507610854,
experimental_run_55,0.001,10,2048,eliminating insignificant (purge),133207.29417604234,133207.29417604234,
experimental_run_55,0.001,10,2048,final time and size,500929.22203838517,500929.22203838517,
experimental_run_55,0.001,10,2048,further cooling,83497.3755790867,83497.3755790867,
experimental_run_55,0.001,10,2048,global Annealing,50086.08570483124,50086.08570483124,
experimental_run_55,0.001,10,2048,some more cooling,8429.807743216414,8429.807743216414,
experimental_run_55,0.001,10,2048,thermalizing_after_loops,4600.342488418266,4600.342488418266,
experimental_run_55,0.001,10,2048,thermalizing_between_loops,15012.704169424222,15012.704169424222,
experimental_run_55,0.001,20,256,Annealing_in_blocks,37311.01062064388,37311.01062064388,
experimental_run_55,0.001,20,256,collapsing outliers,1043.5791569863923,1043.5791569863923,
experimental_run_55,0.001,20,256,eliminating insignificant (purge),157553.4756057086,157553.4756057086,
experimental_run_55,0.001,20,256,final time and size,451631.4961832061,451631.4961832061,
experimental_run_55,0.001,20,256,further cooling,64535.99103883173,64535.99103883173,
experimental_run_55,0.001,20,256,global Annealing,45586.31928310654,45586.31928310654,
experimental_run_55,0.001,20,256,some more cooling,9005.432791237969,9005.432791237969,
experimental_run_55,0.001,20,256,thermalizing_after_loops,5253.957849319615,5253.957849319615,
experimental_run_55,0.001,20,256,thermalizing_between_loops,59624.45569200133,59624.45569200133,
experimental_run_55,0.001,20,512,Annealing_in_blocks,56804.77449352375,56804.77449352375,
experimental_run_55,0.001,20,512,collapsing outliers,1000.1139156426436,1000.1139156426436,
experimental_run_55,0.001,20,512,eliminating insignificant (purge),180320.35171039522,180320.35171039522,
experimental_run_55,0.001,20,512,final time and size,481807.0528063766,481807.0528063766,
experimental_run_55,0.001,20,512,further cooling,70194.66456326802,70194.66456326802,
experimental_run_55,0.001,20,512,global Annealing,50466.89903686483,50466.89903686483,
experimental_run_55,0.001,20,512,some more cooling,8934.701760212554,8934.701760212554,
experimental_run_55,0.001,20,512,thermalizing_after_loops,5386.139820657589,5386.139820657589,
experimental_run_55,0.001,20,512,thermalizing_between_loops,36703.76087678512,36703.76087678512,
experimental_run_55,0.001,20,1024,Annealing_in_blocks,93850.09769736842,93850.09769736842,
experimental_run_55,0.001,20,1024,collapsing outliers,960.5809210526315,960.5809210526315,
experimental_run_55,0.001,20,1024,eliminating insignificant (purge),184652.42467105263,184652.42467105263,
experimental_run_55,0.001,20,1024,final time and size,519401.0138157895,519401.0138157895,
experimental_run_55,0.001,20,1024,further cooling,77113.25230263158,77113.25230263158,
experimental_run_55,0.001,20,1024,global Annealing,54045.58914473684,54045.58914473684,
experimental_run_55,0.001,20,1024,some more cooling,8880.450986842105,8880.450986842105,
experimental_run_55,0.001,20,1024,thermalizing_after_loops,5605.709539473684,5605.709539473684,
experimental_run_55,0.001,20,1024,thermalizing_between_loops,23773.673026315788,23773.673026315788,
experimental_run_55,0.001,20,2048,Annealing_in_blocks,158203.10198675498,158203.10198675498,
experimental_run_55,0.001,20,2048,collapsing outliers,891.7725165562914,891.7725165562914,
experimental_run_55,0.001,20,2048,eliminating insignificant (purge),171431.14470198675,171431.14470198675,
experimental_run_55,0.001,20,2048,final time and size,573394.6609271523,573394.6609271523,
experimental_run_55,0.001,20,2048,further cooling,85550.7798013245,85550.7798013245,
experimental_run_55,0.001,20,2048,global Annealing,55070.894701986756,55070.894701986756,
experimental_run_55,0.001,20,2048,some more cooling,8923.510927152318,8923.510927152318,
experimental_run_55,0.001,20,2048,thermalizing_after_loops,5531.940397350993,5531.940397350993,
experimental_run_55,0.001,20,2048,thermalizing_between_loops,17353.648013245034,17353.648013245034,
experimental_run_55,0.001,30,256,Annealing_in_blocks,39818.0354159706,39818.0354159706,
experimental_run_55,0.001,30,256,collapsing outliers,1061.3691947878383,1061.3691947878383,
experimental_run_55,0.001,30,256,eliminating insignificant (purge),196234.54026060808,196234.54026060808,
experimental_run_55,0.001,30,256,final time and size,493741.46107584366,493741.46107584366,
experimental_run_55,0.001,30,256,further cooling,62194.45573003675,62194.45573003675,
experimental_run_55,0.001,30,256,global Annealing,45162.45105245573,45162.45105245573,
experimental_run_55,0.001,30,256,some more cooling,8484.815569662545,8484.815569662545,
experimental_run_55,0.001,30,256,thermalizing_after_loops,5062.708653524892,5062.708653524892,
experimental_run_55,0.001,30,256,thermalizing_between_loops,67023.58770464417,67023.58770464417,
experimental_run_55,0.001,30,512,Annealing_in_blocks,64133.888997395836,64133.888997395836,
experimental_run_55,0.001,30,512,collapsing outliers,1099.1217447916667,1099.1217447916667,
experimental_run_55,0.001,30,512,eliminating insignificant (purge),238614.158203125,238614.158203125,
experimental_run_55,0.001,30,512,final time and size,555814.6145833334,555814.6145833334,
experimental_run_55,0.001,30,512,further cooling,70328.123046875,70328.123046875,
experimental_run_55,0.001,30,512,global Annealing,53695.103190104164,53695.103190104164,
experimental_run_55,0.001,30,512,some more cooling,8805.041015625,8805.041015625,
experimental_run_55,0.001,30,512,thermalizing_after_loops,5735.465494791667,5735.465494791667,
experimental_run_55,0.001,30,512,thermalizing_between_loops,41247.672200520836,41247.672200520836,
experimental_run_55,0.001,30,1024,Annealing_in_blocks,106809.26047904191,106809.26047904191,
experimental_run_55,0.001,30,1024,collapsing outliers,1168.5938123752494,1168.5938123752494,
experimental_run_55,0.001,30,1024,eliminating insignificant (purge),250071.40452428476,250071.40452428476,
experimental_run_55,0.001,30,1024,final time and size,613820.7598137059,613820.7598137059,
experimental_run_55,0.001,30,1024,further cooling,79425.38090485695,79425.38090485695,
experimental_run_55,0.001,30,1024,global Annealing,58940.2378576181,58940.2378576181,
experimental_run_55,0.001,30,1024,some more cooling,9195.624417831004,9195.624417831004,
experimental_run_55,0.001,30,1024,thermalizing_after_loops,6577.988023952096,6577.988023952096,
experimental_run_55,0.001,30,1024,thermalizing_between_loops,29418.295409181635,29418.295409181635,
experimental_run_55,0.001,30,2048,Annealing_in_blocks,175622.6932717678,175622.6932717678,
experimental_run_55,0.001,30,2048,collapsing outliers,1074.570580474934,1074.570580474934,
experimental_run_55,0.001,30,2048,eliminating insignificant (purge),224706.34861477572,224706.34861477572,
experimental_run_55,0.001,30,2048,final time and size,649468.5913588391,649468.5913588391,
experimental_run_55,0.001,30,2048,further cooling,82909.86840369394,82909.86840369394,
experimental_run_55,0.001,30,2048,global Annealing,59395.53001319261,59395.53001319261,
experimental_run_55,0.001,30,2048,some more cooling,9267.95283641161,9267.95283641161,
experimental_run_55,0.001,30,2048,thermalizing_after_loops,6716.647757255937,6716.647757255937,
experimental_run_55,0.001,30,2048,thermalizing_between_loops,19659.906662269128,19659.906662269128,
experimental_run_55,0.001,40,256,Annealing_in_blocks,46097.74891195179,46097.74891195179,
experimental_run_55,0.001,40,256,collapsing outliers,1215.8985604285235,1215.8985604285235,
experimental_run_55,0.001,40,256,eliminating insignificant (purge),275169.07465684635,275169.07465684635,
experimental_run_55,0.001,40,256,final time and size,597812.7559424172,597812.7559424172,
experimental_run_55,0.001,40,256,further cooling,64138.77000334784,64138.77000334784,
experimental_run_55,0.001,40,256,global Annealing,48430.05590893873,48430.05590893873,
experimental_run_55,0.001,40,256,some more cooling,8361.346166722464,8361.346166722464,
experimental_run_55,0.001,40,256,thermalizing_after_loops,5247.59390693003,5247.59390693003,
experimental_run_55,0.001,40,256,thermalizing_between_loops,79164.0666220288,79164.0666220288,
experimental_run_55,0.001,40,512,Annealing_in_blocks,72479.63046357616,72479.63046357616,
experimental_run_55,0.001,40,512,collapsing outliers,1346.1062913907285,1346.1062913907285,
experimental_run_55,0.001,40,512,eliminating insignificant (purge),328338.1536423841,328338.1536423841,
experimental_run_55,0.001,40,512,final time and size,669093.417218543,669093.417218543,
experimental_run_55,0.001,40,512,further cooling,72555.46192052981,72555.46192052981,
experimental_run_55,0.001,40,512,global Annealing,56862.79933774834,56862.79933774834,
experimental_run_55,0.001,40,512,some more cooling,8795.913245033113,8795.913245033113,
experimental_run_55,0.001,40,512,thermalizing_after_loops,6298.223841059603,6298.223841059603,
experimental_run_55,0.001,40,512,thermalizing_between_loops,51126.82748344371,51126.82748344371,
experimental_run_55,0.001,40,1024,Annealing_in_blocks,123286.44995140913,123286.44995140913,
experimental_run_55,0.001,40,1024,collapsing outliers,1486.2128279883382,1486.2128279883382,
experimental_run_55,0.001,40,1024,eliminating insignificant (purge),354999.9912536443,354999.9912536443,
experimental_run_55,0.001,40,1024,final time and size,761299.6193715582,761299.6193715582,
experimental_run_55,0.001,40,1024,further cooling,85050.30936183997,85050.30936183997,
experimental_run_55,0.001,40,1024,global Annealing,65720.97246517654,65720.97246517654,
experimental_run_55,0.001,40,1024,some more cooling,9660.7052154195,9660.7052154195,
experimental_run_55,0.001,40,1024,thermalizing_after_loops,8150.55296404276,8150.55296404276,
experimental_run_55,0.001,40,1024,thermalizing_between_loops,39592.57628765792,39592.57628765792,
experimental_run_55,0.001,40,2048,Annealing_in_blocks,208505.298160697,208505.298160697,
experimental_run_55,0.001,40,2048,collapsing outliers,1523.621168118748,1523.621168118748,
experimental_run_55,0.001,40,2048,eliminating insignificant (purge),342694.3365601807,342694.3365601807,
experimental_run_55,0.001,40,2048,final time and size,836880.4249757987,836880.4249757987,
experimental_run_55,0.001,40,2048,further cooling,92569.6224588577,92569.6224588577,
experimental_run_55,0.001,40,2048,global Annealing,71881.23362374959,71881.23362374959,
experimental_run_55,0.001,40,2048,some more cooling,10593.256211681188,10593.256211681188,
experimental_run_55,0.001,40,2048,thermalizing_after_loops,9124.140690545337,9124.140690545337,
experimental_run_55,0.001,40,2048,thermalizing_between_loops,26877.707002258794,26877.707002258794,
experimental_run_55,0.001,50,256,Annealing_in_blocks,56452.647500816725,56452.647500816725,
experimental_run_55,0.001,50,256,collapsing outliers,1465.046063377981,1465.046063377981,
experimental_run_55,0.001,50,256,eliminating insignificant (purge),433019.28781443974,433019.28781443974,
experimental_run_55,0.001,50,256,final time and size,814590.4720679517,814590.4720679517,
experimental_run_55,0.001,50,256,further cooling,73552.00751388435,73552.00751388435,
experimental_run_55,0.001,50,256,global Annealing,55118.61613851682,55118.61613851682,
experimental_run_55,0.001,50,256,some more cooling,8810.742894478928,8810.742894478928,
experimental_run_55,0.001,50,256,thermalizing_after_loops,6139.119895459,6139.119895459,
experimental_run_55,0.001,50,256,thermalizing_between_loops,105918.34367853643,105918.34367853643,
experimental_run_55,0.001,50,512,Annealing_in_blocks,86531.73344370861,86531.73344370861,
experimental_run_55,0.001,50,512,collapsing outliers,1651.062251655629,1651.062251655629,
experimental_run_55,0.001,50,512,eliminating insignificant (purge),502701.7129139073,502701.7129139073,
experimental_run_55,0.001,50,512,final time and size,903834.6546357616,903834.6546357616,
experimental_run_55,0.001,50,512,further cooling,85135.37649006622,85135.37649006622,
experimental_run_55,0.001,50,512,global Annealing,64923.520529801324,64923.520529801324,
experimental_run_55,0.001,50,512,some more cooling,9181.999337748344,9181.999337748344,
experimental_run_55,0.001,50,512,thermalizing_after_loops,8315.22119205298,8315.22119205298,
experimental_run_55,0.001,50,512,thermalizing_between_loops,71844.95894039735,71844.95894039735,
experimental_run_55,0.001,50,1024,Annealing_in_blocks,143774.2509115015,143774.2509115015,
experimental_run_55,0.001,50,1024,collapsing outliers,1933.2737819025522,1933.2737819025522,
experimental_run_55,0.001,50,1024,eliminating insignificant (purge),542472.6148491879,542472.6148491879,
experimental_run_55,0.001,50,1024,final time and size,1017351.339741465,1017351.339741465,
experimental_run_55,0.001,50,1024,further cooling,98927.84852502486,98927.84852502486,
experimental_run_55,0.001,50,1024,global Annealing,75735.14617169373,75735.14617169373,
experimental_run_55,0.001,50,1024,some more cooling,10443.579383493538,10443.579383493538,
experimental_run_55,0.001,50,1024,thermalizing_after_loops,10882.662910175672,10882.662910175672,
experimental_run_55,0.001,50,1024,thermalizing_between_loops,57517.961219754725,57517.961219754725,
experimental_run_55,0.001,50,2048,Annealing_in_blocks,239151.6904840303,239151.6904840303,
experimental_run_55,0.001,50,2048,collapsing outliers,2102.5423114916034,2102.5423114916034,
experimental_run_55,0.001,50,2048,eliminating insignificant (purge),549217.8745472506,549217.8745472506,
experimental_run_55,0.001,50,2048,final time and size,1124653.087586434,1124653.087586434,
experimental_run_55,0.001,50,2048,further cooling,108679.8109976951,108679.8109976951,
experimental_run_55,0.001,50,2048,global Annealing,86116.32005268357,86116.32005268357,
experimental_run_55,0.001,50,2048,some more cooling,12095.292393809681,12095.292393809681,
experimental_run_55,0.001,50,2048,thermalizing_after_loops,12791.991768192294,12791.991768192294,
experimental_run_55,0.001,50,2048,thermalizing_between_loops,39637.011853803095,39637.011853803095,
experimental_run_56,DA,0,256,collapsing outliers,1022.031865585168,1022.031865585168,
experimental_run_56,DA,0,256,eliminating insignificant (purge),180180.5191193511,180180.5191193511,
experimental_run_56,DA,0,256,final time and size,902057.8626882966,902057.8626882966,
experimental_run_56,DA,0,256,further cooling,70645.00115874855,70645.00115874855,
experimental_run_56,DA,0,256,global Annealing,584792.0428736964,584792.0428736964,
experimental_run_56,DA,0,256,some more cooling,10290.048957126304,10290.048957126304,
experimental_run_56,DA,0,512,collapsing outliers,1039.9043676848416,1039.9043676848416,
experimental_run_56,DA,0,512,eliminating insignificant (purge),184762.2609192121,184762.2609192121,
experimental_run_56,DA,0,512,final time and size,928777.9463317157,928777.9463317157,
experimental_run_56,DA,0,512,further cooling,72278.06337425065,72278.06337425065,
experimental_run_56,DA,0,512,global Annealing,603676.882957465,603676.882957465,
experimental_run_56,DA,0,512,some more cooling,10468.658292891807,10468.658292891807,
experimental_run_56,DA,0,1024,collapsing outliers,1065.7686375321337,1065.7686375321337,
experimental_run_56,DA,0,1024,eliminating insignificant (purge),186101.8874607255,186101.8874607255,
experimental_run_56,DA,0,1024,final time and size,933164.696372465,933164.696372465,
experimental_run_56,DA,0,1024,further cooling,72936.90117109397,72936.90117109397,
experimental_run_56,DA,0,1024,global Annealing,605376.7083690374,605376.7083690374,
experimental_run_56,DA,0,1024,some more cooling,10536.912596401029,10536.912596401029,
experimental_run_56,DA,0,2048,collapsing outliers,1058.8680814453685,1058.8680814453685,
experimental_run_56,DA,0,2048,eliminating insignificant (purge),185961.90278176081,185961.90278176081,
experimental_run_56,DA,0,2048,final time and size,934815.3716661887,934815.3716661887,
experimental_run_56,DA,0,2048,further cooling,72985.61055348437,72985.61055348437,
experimental_run_56,DA,0,2048,global Annealing,607492.9787783194,607492.9787783194,
experimental_run_56,DA,0,2048,some more cooling,10574.04789217092,10574.04789217092,
experimental_run_56,DA,10,256,collapsing outliers,1078.9288357529176,1078.9288357529176,
experimental_run_56,DA,10,256,eliminating insignificant (purge),187631.4289780814,187631.4289780814,
experimental_run_56,DA,10,256,final time and size,939218.611443211,939218.611443211,
experimental_run_56,DA,10,256,further cooling,73477.87105038429,73477.87105038429,
experimental_run_56,DA,10,256,global Annealing,609233.6920011386,609233.6920011386,
experimental_run_56,DA,10,256,some more cooling,10622.143751779106,10622.143751779106,
experimental_run_56,DA,10,512,collapsing outliers,1071.8150042625746,1071.8150042625746,
experimental_run_56,DA,10,512,eliminating insignificant (purge),189041.1574310884,189041.1574310884,
experimental_run_56,DA,10,512,final time and size,945904.5103722649,945904.5103722649,
experimental_run_56,DA,10,512,further cooling,74058.49701619778,74058.49701619778,
experimental_run_56,DA,10,512,global Annealing,613692.4194373401,613692.4194373401,
experimental_run_56,DA,10,512,some more cooling,10712.843421426542,10712.843421426542,
experimental_run_56,DA,10,1024,collapsing outliers,1066.6734752589182,1066.6734752589182,
experimental_run_56,DA,10,1024,eliminating insignificant (purge),182182.47871116226,182182.47871116226,
experimental_run_56,DA,10,1024,final time and size,913649.1225546605,913649.1225546605,
experimental_run_56,DA,10,1024,further cooling,71454.56501726122,71454.56501726122,
experimental_run_56,DA,10,1024,global Annealing,593341.2856731876,593341.2856731876,
experimental_run_56,DA,10,1024,some more cooling,10293.577675489068,10293.577675489068,
experimental_run_56,DA,10,2048,collapsing outliers,1016.5868246171626,1016.5868246171626,
experimental_run_56,DA,10,2048,eliminating insignificant (purge),181147.88355966483,181147.88355966483,
experimental_run_56,DA,10,2048,final time and size,909529.3227390927,909529.3227390927,
experimental_run_56,DA,10,2048,further cooling,71060.0863912164,71060.0863912164,
experimental_run_56,DA,10,2048,global Annealing,590239.2271019936,590239.2271019936,
experimental_run_56,DA,10,2048,some more cooling,10197.149378792257,10197.149378792257,
experimental_run_56,DA,20,256,collapsing outliers,1038.200683176772,1038.200683176772,
experimental_run_56,DA,20,256,eliminating insignificant (purge),178488.65812695702,178488.65812695702,
experimental_run_56,DA,20,256,final time and size,897591.509820666,897591.509820666,
experimental_run_56,DA,20,256,further cooling,70123.19442072303,70123.19442072303,
experimental_run_56,DA,20,256,global Annealing,582778.7406774836,582778.7406774836,
experimental_run_56,DA,20,256,some more cooling,10104.220324508966,10104.220324508966,
experimental_run_56,DA,20,512,collapsing outliers,1017.6921563114985,1017.6921563114985,
experimental_run_56,DA,20,512,eliminating insignificant (purge),176824.35563677255,176824.35563677255,
experimental_run_56,DA,20,512,final time and size,885721.3188079842,885721.3188079842,
experimental_run_56,DA,20,512,further cooling,69363.37278605567,69363.37278605567,
experimental_run_56,DA,20,512,global Annealing,574232.8327242058,574232.8327242058,
experimental_run_56,DA,20,512,some more cooling,10009.176553275232,10009.176553275232,
experimental_run_56,DA,20,1024,collapsing outliers,1029.3851197263398,1029.3851197263398,
experimental_run_56,DA,20,1024,eliminating insignificant (purge),181257.15336374,181257.15336374,
experimental_run_56,DA,20,1024,final time and size,910035.663340935,910035.663340935,
experimental_run_56,DA,20,1024,further cooling,71123.58095781071,71123.58095781071,
experimental_run_56,DA,20,1024,global Annealing,590609.5932155075,590609.5932155075,
experimental_run_56,DA,20,1024,some more cooling,10248.574971493728,10248.574971493728,
experimental_run_56,DA,20,2048,collapsing outliers,1066.995499296765,1066.995499296765,
experimental_run_56,DA,20,2048,eliminating insignificant (purge),186306.7628691983,186306.7628691983,
experimental_run_56,DA,20,2048,final time and size,937066.2329113923,937066.2329113923,
experimental_run_56,DA,20,2048,further cooling,73266.41237693389,73266.41237693389,
experimental_run_56,DA,20,2048,global Annealing,608490.1710267229,608490.1710267229,
experimental_run_56,DA,20,2048,some more cooling,10561.600562587904,10561.600562587904,
experimental_run_56,DA,30,256,collapsing outliers,1079.1356981981983,1079.1356981981983,
experimental_run_56,DA,30,256,eliminating insignificant (purge),186216.71396396396,186216.71396396396,
experimental_run_56,DA,30,256,final time and size,934385.7925112613,934385.7925112613,
experimental_run_56,DA,30,256,further cooling,73174.05743243243,73174.05743243243,
experimental_run_56,DA,30,256,global Annealing,605902.1449887387,605902.1449887387,
experimental_run_56,DA,30,256,some more cooling,10547.936936936936,10547.936936936936,
experimental_run_56,DA,30,512,collapsing outliers,1064.4766751484308,1064.4766751484308,
experimental_run_56,DA,30,512,eliminating insignificant (purge),184410.23070398642,184410.23070398642,
experimental_run_56,DA,30,512,final time and size,929021.7560079163,929021.7560079163,
experimental_run_56,DA,30,512,further cooling,72578.13175007068,72578.13175007068,
experimental_run_56,DA,30,512,global Annealing,603635.8617472434,603635.8617472434,
experimental_run_56,DA,30,512,some more cooling,10475.37602487984,10475.37602487984,
experimental_run_56,DA,30,1024,collapsing outliers,1028.0212464589235,1028.0212464589235,
experimental_run_56,DA,30,1024,eliminating insignificant (purge),179587.6175637394,179587.6175637394,
experimental_run_56,DA,30,1024,final time and size,903815.0184135977,903815.0184135977,
experimental_run_56,DA,30,1024,further cooling,70824.7626062323,70824.7626062323,
experimental_run_56,DA,30,1024,global Annealing,586976.21898017,586976.21898017,
experimental_run_56,DA,30,1024,some more cooling,10150.088385269122,10150.088385269122,
experimental_run_56,DA,30,2048,collapsing outliers,1050.2880158281514,1050.2880158281514,
experimental_run_56,DA,30,2048,eliminating insignificant (purge),185569.21113623516,185569.21113623516,
experimental_run_56,DA,30,2048,final time and size,931653.2690785754,931653.2690785754,
experimental_run_56,DA,30,2048,further cooling,72926.39513849633,72926.39513849633,
experimental_run_56,DA,30,2048,global Annealing,604528.0952515545,604528.0952515545,
experimental_run_56,DA,30,2048,some more cooling,10488.427925381571,10488.427925381571,
experimental_run_56,DA,40,256,collapsing outliers,1079.9078689442733,1079.9078689442733,
experimental_run_56,DA,40,256,eliminating insignificant (purge),187782.65611873424,187782.65611873424,
experimental_run_56,DA,40,256,final time and size,944693.0288434612,944693.0288434612,
experimental_run_56,DA,40,256,further cooling,73941.52282273873,73941.52282273873,
experimental_run_56,DA,40,256,global Annealing,613208.9456734809,613208.9456734809,
experimental_run_56,DA,40,256,some more cooling,10640.520302436293,10640.520302436293,
experimental_run_56,DA,40,512,collapsing outliers,1083.9251471825064,1083.9251471825064,
experimental_run_56,DA,40,512,eliminating insignificant (purge),187736.6579758901,187736.6579758901,
experimental_run_56,DA,40,512,final time and size,946321.9778525372,946321.9778525372,
experimental_run_56,DA,40,512,further cooling,73908.2590412111,73908.2590412111,
experimental_run_56,DA,40,512,global Annealing,614855.7603027754,614855.7603027754,
experimental_run_56,DA,40,512,some more cooling,10668.759461732549,10668.759461732549,
experimental_run_56,DA,40,1024,collapsing outliers,1068.9198275862068,1068.9198275862068,
experimental_run_56,DA,40,1024,eliminating insignificant (purge),184632.35747126437,184632.35747126437,
experimental_run_56,DA,40,1024,final time and size,930810.6399425287,930810.6399425287,
experimental_run_56,DA,40,1024,further cooling,72700.84166666666,72700.84166666666,
experimental_run_56,DA,40,1024,global Annealing,604763.5787356322,604763.5787356322,
experimental_run_56,DA,40,1024,some more cooling,10498.997126436781,10498.997126436781,
experimental_run_56,DA,40,2048,collapsing outliers,1062.5866152575047,1062.5866152575047,
experimental_run_56,DA,40,2048,eliminating insignificant (purge),186061.58028091435,186061.58028091435,
experimental_run_56,DA,40,2048,final time and size,938129.0691269622,938129.0691269622,
experimental_run_56,DA,40,2048,further cooling,73412.157256954,73412.157256954,
experimental_run_56,DA,40,2048,global Annealing,609496.0600385569,609496.0600385569,
experimental_run_56,DA,40,2048,some more cooling,10561.462682456624,10561.462682456624,
experimental_run_56,DA,50,256,collapsing outliers,1044.9792659008126,1044.9792659008126,
experimental_run_56,DA,50,256,eliminating insignificant (purge),181177.82516110956,181177.82516110956,
experimental_run_56,DA,50,256,final time and size,910454.18520594,910454.18520594,
experimental_run_56,DA,50,256,further cooling,71116.91145979265,71116.91145979265,
experimental_run_56,DA,50,256,global Annealing,591313.810030821,591313.810030821,
experimental_run_56,DA,50,256,some more cooling,10249.27346595685,10249.27346595685,
experimental_run_56,DA,50,512,collapsing outliers,1042.665302543116,1042.665302543116,
experimental_run_56,DA,50,512,eliminating insignificant (purge),184056.98421514177,184056.98421514177,
experimental_run_56,DA,50,512,final time and size,926668.5597778427,926668.5597778427,
experimental_run_56,DA,50,512,further cooling,72274.34171294943,72274.34171294943,
experimental_run_56,DA,50,512,global Annealing,601674.986261327,601674.986261327,
experimental_run_56,DA,50,512,some more cooling,10460.495176848875,10460.495176848875,
experimental_run_56,DA,50,1024,collapsing outliers,1035.9567647058823,1035.9567647058823,
experimental_run_56,DA,50,1024,eliminating insignificant (purge),178215.74470588236,178215.74470588236,
experimental_run_56,DA,50,1024,final time and size,894980.5297058823,894980.5297058823,
experimental_run_56,DA,50,1024,further cooling,69955.58264705882,69955.58264705882,
experimental_run_56,DA,50,1024,global Annealing,580528.4847058824,580528.4847058824,
experimental_run_56,DA,50,1024,some more cooling,10134.099411764706,10134.099411764706,
experimental_run_56,DA,50,2048,collapsing outliers,1052.421732745962,1052.421732745962,
experimental_run_56,DA,50,2048,eliminating insignificant (purge),184254.1013215859,184254.1013215859,
experimental_run_56,DA,50,2048,final time and size,925798.0892804699,925798.0892804699,
experimental_run_56,DA,50,2048,further cooling,72404.42466960353,72404.42466960353,
experimental_run_56,DA,50,2048,global Annealing,600791.5151248164,600791.5151248164,
experimental_run_56,DA,50,2048,some more cooling,10512.4046989721,10512.4046989721,
